<?xml version="1.0" encoding="UTF-8"?>
<c:signatures xmlns:c="urn:oasis:names:tc:opendocument:xmlns:container"><d:Signature xmlns:d="http://www.w3.org/2000/09/xmldsig#"><d:SignedInfo><d:CanonicalizationMethod Algorithm="http://www.w3.org/TR/2001/REC-xml-c14n-20010315"/><d:SignatureMethod Algorithm="http://www.w3.org/2000/09/xmldsig#hmac-sha1"/><d:Reference URI="mimetype"><d:DigestMethod Algorithm="http://www.w3.org/2000/09/xmldsig#sha1"/><d:DigestValue>rYjtAsksFxgSswnpUcDoMwCu3B4=</d:DigestValue></d:Reference><d:Reference URI="META-INF/container.xml"><d:DigestMethod Algorithm="http://www.w3.org/2000/09/xmldsig#sha1"/><d:DigestValue>XqVkumEua1XXQfv+Ub3b5yOkStU=</d:DigestValue></d:Reference><d:Reference URI="ops/9781419673238.opf"><d:DigestMethod Algorithm="http://www.w3.org/2000/09/xmldsig#sha1"/><d:DigestValue>04xEwQPAcsCKe4jEhKiWOPGcV8M=</d:DigestValue></d:Reference><d:Reference URI="ops/fonts/CharisSILB.ttf"><d:DigestMethod Algorithm="http://www.w3.org/2000/09/xmldsig#sha1"/><d:DigestValue>sHwPqZhXugczSOIol6TVII/8pcQ=</d:DigestValue></d:Reference><d:Reference URI="ops/fonts/CharisSILBI.ttf"><d:DigestMethod Algorithm="http://www.w3.org/2000/09/xmldsig#sha1"/><d:DigestValue>fInATcXyA4Ja1ZjDZZ3Qj5KmqB4=</d:DigestValue></d:Reference><d:Reference URI="ops/fonts/CharisSILI.ttf"><d:DigestMethod Algorithm="http://www.w3.org/2000/09/xmldsig#sha1"/><d:DigestValue>fEhIOh4y5ATbMlFs0JgQw8YFVpo=</d:DigestValue></d:Reference><d:Reference URI="ops/fonts/CharisSILR.ttf"><d:DigestMethod Algorithm="http://www.w3.org/2000/09/xmldsig#sha1"/><d:DigestValue>WXSRnAnuZFL+0G2+KX3SA3Uc370=</d:DigestValue></d:Reference><d:Reference URI="ops/images/cover.jpg"><d:DigestMethod Algorithm="http://www.w3.org/2000/09/xmldsig#sha1"/><d:DigestValue>MIjuLCKP2UQIeMX51fwbYJNOX+I=</d:DigestValue></d:Reference><d:Reference URI="ops/styles/page-template.xpgt"><d:DigestMethod Algorithm="http://www.w3.org/2000/09/xmldsig#sha1"/><d:DigestValue>B8XCUxdzwurKxSK0MaRkcE9qxeo=</d:DigestValue></d:Reference><d:Reference URI="ops/styles/stylesheet.css"><d:DigestMethod Algorithm="http://www.w3.org/2000/09/xmldsig#sha1"/><d:DigestValue>rJ2YSxYy3Esm8aBUIDh/BedyAbc=</d:DigestValue></d:Reference><d:Reference URI="ops/toc.ncx"><d:DigestMethod Algorithm="http://www.w3.org/2000/09/xmldsig#sha1"/><d:DigestValue>ofDO6Lu7Vy4Tu8cyIjVDMOaJAi0=</d:DigestValue></d:Reference><d:Reference URI="ops/xhtml/back_matter.html"><d:DigestMethod Algorithm="http://www.w3.org/2000/09/xmldsig#sha1"/><d:DigestValue>faV3Z1M85NbUSMILAYFdnC/MIMo=</d:DigestValue></d:Reference><d:Reference URI="ops/xhtml/ch01.html"><d:DigestMethod Algorithm="http://www.w3.org/2000/09/xmldsig#sha1"/><d:DigestValue>Cc++gJnqQ+asCstRhi3rxjxcg+w=</d:DigestValue></d:Reference><d:Reference URI="ops/xhtml/ch02.html"><d:DigestMethod Algorithm="http://www.w3.org/2000/09/xmldsig#sha1"/><d:DigestValue>xsMNuBJbQ+Cm+qq7mTNMEEkSsVU=</d:DigestValue></d:Reference><d:Reference URI="ops/xhtml/ch03.html"><d:DigestMethod Algorithm="http://www.w3.org/2000/09/xmldsig#sha1"/><d:DigestValue>dExyJPYcJD8szMhPMkaQ0B48TXM=</d:DigestValue></d:Reference><d:Reference URI="ops/xhtml/ch04.html"><d:DigestMethod Algorithm="http://www.w3.org/2000/09/xmldsig#sha1"/><d:DigestValue>66ihAIvGMsIlcJpKqM5eALCwcmQ=</d:DigestValue></d:Reference><d:Reference URI="ops/xhtml/ch05.html"><d:DigestMethod Algorithm="http://www.w3.org/2000/09/xmldsig#sha1"/><d:DigestValue>W00a3g5aQlR0OR0h759ZXAGvOpY=</d:DigestValue></d:Reference><d:Reference URI="ops/xhtml/ch06.html"><d:DigestMethod Algorithm="http://www.w3.org/2000/09/xmldsig#sha1"/><d:DigestValue>lQsjJAEurlSa3HIb5thLBzO+p1Y=</d:DigestValue></d:Reference><d:Reference URI="ops/xhtml/ch07.html"><d:DigestMethod Algorithm="http://www.w3.org/2000/09/xmldsig#sha1"/><d:DigestValue>ooAW9jmHldaASDAfxqf8uBPCviw=</d:DigestValue></d:Reference><d:Reference URI="ops/xhtml/ch08.html"><d:DigestMethod Algorithm="http://www.w3.org/2000/09/xmldsig#sha1"/><d:DigestValue>x3g5rM5/vwjZr8lL7PLBk/dbj1M=</d:DigestValue></d:Reference><d:Reference URI="ops/xhtml/ch09.html"><d:DigestMethod Algorithm="http://www.w3.org/2000/09/xmldsig#sha1"/><d:DigestValue>n71U6K8za2UNmaUl03PhwhdLtTM=</d:DigestValue></d:Reference><d:Reference URI="ops/xhtml/ch10.html"><d:DigestMethod Algorithm="http://www.w3.org/2000/09/xmldsig#sha1"/><d:DigestValue>6hJwahZaWTBdQH7zCm5JrGEK2Ag=</d:DigestValue></d:Reference><d:Reference URI="ops/xhtml/ch11.html"><d:DigestMethod Algorithm="http://www.w3.org/2000/09/xmldsig#sha1"/><d:DigestValue>cdQOUfZsQr0QlBeKc0NyAgQWd6I=</d:DigestValue></d:Reference><d:Reference URI="ops/xhtml/ch12.html"><d:DigestMethod Algorithm="http://www.w3.org/2000/09/xmldsig#sha1"/><d:DigestValue>lVWWV0U6HLAURilYs3cttyGnXXo=</d:DigestValue></d:Reference><d:Reference URI="ops/xhtml/ch13.html"><d:DigestMethod Algorithm="http://www.w3.org/2000/09/xmldsig#sha1"/><d:DigestValue>zCW/j4lrGOayRvN+kLb+Nt35aY8=</d:DigestValue></d:Reference><d:Reference URI="ops/xhtml/ch14.html"><d:DigestMethod Algorithm="http://www.w3.org/2000/09/xmldsig#sha1"/><d:DigestValue>cLP3hq+QS6hVX94jisg7i58kvTw=</d:DigestValue></d:Reference><d:Reference URI="ops/xhtml/ch15.html"><d:DigestMethod Algorithm="http://www.w3.org/2000/09/xmldsig#sha1"/><d:DigestValue>Mn1fzPFbNBky6Dk9FgwonuzFvB0=</d:DigestValue></d:Reference><d:Reference URI="ops/xhtml/ch16.html"><d:DigestMethod Algorithm="http://www.w3.org/2000/09/xmldsig#sha1"/><d:DigestValue>Mq2neIb1SL7/0JVy74j0+wnwjYY=</d:DigestValue></d:Reference><d:Reference URI="ops/xhtml/ch17.html"><d:DigestMethod Algorithm="http://www.w3.org/2000/09/xmldsig#sha1"/><d:DigestValue>ZI553Zx31dTigoopiaynXpUngbE=</d:DigestValue></d:Reference><d:Reference URI="ops/xhtml/ch18.html"><d:DigestMethod Algorithm="http://www.w3.org/2000/09/xmldsig#sha1"/><d:DigestValue>JrxpzAa/2EQOzaVbFhtEfVFHQqw=</d:DigestValue></d:Reference><d:Reference URI="ops/xhtml/ch19.html"><d:DigestMethod Algorithm="http://www.w3.org/2000/09/xmldsig#sha1"/><d:DigestValue>hWvhwNsWqxDuqZK+CDEFFR4Zypo=</d:DigestValue></d:Reference><d:Reference URI="ops/xhtml/ch20.html"><d:DigestMethod Algorithm="http://www.w3.org/2000/09/xmldsig#sha1"/><d:DigestValue>b+GrDvRqX7r2CpIBenDZZvUotag=</d:DigestValue></d:Reference><d:Reference URI="ops/xhtml/ch21.html"><d:DigestMethod Algorithm="http://www.w3.org/2000/09/xmldsig#sha1"/><d:DigestValue>Gtm170W5eQpBZ6YA5CjAxi0Jwsk=</d:DigestValue></d:Reference><d:Reference URI="ops/xhtml/ch22.html"><d:DigestMethod Algorithm="http://www.w3.org/2000/09/xmldsig#sha1"/><d:DigestValue>kT8w+ukkfeYCEQ5c1r6A1/ifoRc=</d:DigestValue></d:Reference><d:Reference URI="ops/xhtml/ch23.html"><d:DigestMethod Algorithm="http://www.w3.org/2000/09/xmldsig#sha1"/><d:DigestValue>8mK1srBt9OBwDQ9byBYmfTIRRSk=</d:DigestValue></d:Reference><d:Reference URI="ops/xhtml/ch24.html"><d:DigestMethod Algorithm="http://www.w3.org/2000/09/xmldsig#sha1"/><d:DigestValue>BjUcOokFj8fnpE3EIvKuU5OcHkw=</d:DigestValue></d:Reference><d:Reference URI="ops/xhtml/ch25.html"><d:DigestMethod Algorithm="http://www.w3.org/2000/09/xmldsig#sha1"/><d:DigestValue>mwPUUta+yj3J2R2GulI1J/GB8QU=</d:DigestValue></d:Reference><d:Reference URI="ops/xhtml/ch26.html"><d:DigestMethod Algorithm="http://www.w3.org/2000/09/xmldsig#sha1"/><d:DigestValue>sy2XhYJpLLqCeyFJcAE2eUn7ZJo=</d:DigestValue></d:Reference><d:Reference URI="ops/xhtml/ch27.html"><d:DigestMethod Algorithm="http://www.w3.org/2000/09/xmldsig#sha1"/><d:DigestValue>2QITnZbN5/Fm24bTrkTaEP8VYBE=</d:DigestValue></d:Reference><d:Reference URI="ops/xhtml/ch28.html"><d:DigestMethod Algorithm="http://www.w3.org/2000/09/xmldsig#sha1"/><d:DigestValue>jKyIY7N4wOW3vBsMf44t+//O27U=</d:DigestValue></d:Reference><d:Reference URI="ops/xhtml/ch29.html"><d:DigestMethod Algorithm="http://www.w3.org/2000/09/xmldsig#sha1"/><d:DigestValue>XpxzWVAA8NOQl7Uiw27JaxXMHZU=</d:DigestValue></d:Reference><d:Reference URI="ops/xhtml/ch30.html"><d:DigestMethod Algorithm="http://www.w3.org/2000/09/xmldsig#sha1"/><d:DigestValue>dFERP2Fzn8m/S0Usupp2U6QWxCA=</d:DigestValue></d:Reference><d:Reference URI="ops/xhtml/ch31.html"><d:DigestMethod Algorithm="http://www.w3.org/2000/09/xmldsig#sha1"/><d:DigestValue>fSolxwIbngCJ1p+NGp1CwELEIwE=</d:DigestValue></d:Reference><d:Reference URI="ops/xhtml/ch32.html"><d:DigestMethod Algorithm="http://www.w3.org/2000/09/xmldsig#sha1"/><d:DigestValue>uyT9QVXmWdKjSnN8QsfZuA31Q0c=</d:DigestValue></d:Reference><d:Reference URI="ops/xhtml/ch33.html"><d:DigestMethod Algorithm="http://www.w3.org/2000/09/xmldsig#sha1"/><d:DigestValue>8p6AVR7DI+wJmdtQhV4cr+fVjVE=</d:DigestValue></d:Reference><d:Reference URI="ops/xhtml/ch34.html"><d:DigestMethod Algorithm="http://www.w3.org/2000/09/xmldsig#sha1"/><d:DigestValue>aa4+UV1Phc1bDQ5SgfxT35uJ15U=</d:DigestValue></d:Reference><d:Reference URI="ops/xhtml/ch35.html"><d:DigestMethod Algorithm="http://www.w3.org/2000/09/xmldsig#sha1"/><d:DigestValue>tXGWBa8z9wQu0R4izKxFp8jBzmI=</d:DigestValue></d:Reference><d:Reference URI="ops/xhtml/ch36.html"><d:DigestMethod Algorithm="http://www.w3.org/2000/09/xmldsig#sha1"/><d:DigestValue>aM6q/98jUEe+xn5TOJzERoa7Tj0=</d:DigestValue></d:Reference><d:Reference URI="ops/xhtml/copyright.html"><d:DigestMethod Algorithm="http://www.w3.org/2000/09/xmldsig#sha1"/><d:DigestValue>gLXLYnQMjYyg3xnueC5wVMAc/Ow=</d:DigestValue></d:Reference><d:Reference URI="ops/xhtml/cover.html"><d:DigestMethod Algorithm="http://www.w3.org/2000/09/xmldsig#sha1"/><d:DigestValue>jibAGc2v3CR00HtWrms6lVLV+04=</d:DigestValue></d:Reference><d:Reference URI="ops/xhtml/prologue.html"><d:DigestMethod Algorithm="http://www.w3.org/2000/09/xmldsig#sha1"/><d:DigestValue>f0MCjLgi7s9tq5e8c1C1wb3VeKw=</d:DigestValue></d:Reference><d:Reference URI="ops/xhtml/title_page.html"><d:DigestMethod Algorithm="http://www.w3.org/2000/09/xmldsig#sha1"/><d:DigestValue>2H/iGzBxjy5E++EIp3q6OB7Zp2U=</d:DigestValue></d:Reference><d:Reference URI="META-INF/encryption.xml"><d:DigestMethod Algorithm="http://www.w3.org/2000/09/xmldsig#sha1"/><d:DigestValue>eEglyjY7ZArIlWvAc4lGcLtYQkk=</d:DigestValue></d:Reference></d:SignedInfo><d:SignatureValue>Oab396AlpjCURmGZdGhPfukWYW4=</d:SignatureValue><d:KeyInfo><d:KeyName>1</d:KeyName></d:KeyInfo></d:Signature></c:signatures>
